feature,dataset,feature_type,category,pool_proportion,pool_proportion_std,pool_mean,pool_mean_std
author_gender,bluesky,categorical,female,0.022687,0.000418,,
author_gender,bluesky,categorical,male,0.027533,0.000635,,
author_gender,bluesky,categorical,non-binary,0.002398,0.000133,,
author_gender,bluesky,categorical,unknown,0.947382,0.000954,,
author_gender,reddit,categorical,female,0.03704,0.000562,,
author_gender,reddit,categorical,male,0.130501,0.001013,,
author_gender,reddit,categorical,non-binary,0.005896,0.000286,,
author_gender,reddit,categorical,unknown,0.826563,0.001284,,
author_gender,twitter,categorical,female,0.409531,0.00377,,
author_gender,twitter,categorical,male,0.464878,0.003208,,
author_gender,twitter,categorical,non-binary,0.001436,0.000298,,
author_gender,twitter,categorical,unknown,0.124155,0.002836,,
author_is_minority,bluesky,categorical,no,0.853931,0.004236,,
author_is_minority,bluesky,categorical,unknown,0.028629,0.001247,,
author_is_minority,bluesky,categorical,yes,0.094562,0.003216,,
author_is_minority,reddit,categorical,no,0.784089,0.002837,,
author_is_minority,reddit,categorical,yes,0.077397,0.001256,,
author_is_minority,twitter,categorical,no,0.48318,0.004959,,
author_is_minority,twitter,categorical,unknown,0.475227,0.005257,,
author_is_minority,twitter,categorical,yes,0.041593,0.000848,,
author_political_leaning,bluesky,categorical,center-left,0.035152,0.000839,,
author_political_leaning,bluesky,categorical,left,0.940551,0.001288,,
author_political_leaning,bluesky,categorical,right,0.00635,0.000274,,
author_political_leaning,bluesky,categorical,unknown,0.017946,0.000472,,
author_political_leaning,reddit,categorical,center,0.012081,0.000418,,
author_political_leaning,reddit,categorical,center-left,0.017588,0.001785,,
author_political_leaning,reddit,categorical,center-right,0.003805,0.000146,,
author_political_leaning,reddit,categorical,left,0.966526,0.002139,,
author_political_leaning,twitter,categorical,center-left,0.004167,0.000468,,
author_political_leaning,twitter,categorical,center-right,0.012426,0.000796,,
author_political_leaning,twitter,categorical,left,0.166681,0.006687,,
author_political_leaning,twitter,categorical,right,0.508949,0.007381,,
author_political_leaning,twitter,categorical,unknown,0.307778,0.011125,,
primary_topic,bluesky,categorical,arts_&_culture,0.006276,0.000189,,
primary_topic,bluesky,categorical,business_&_entrepreneurs,0.032254,0.002226,,
primary_topic,bluesky,categorical,celebrity_&_pop_culture,0.013137,0.000547,,
primary_topic,bluesky,categorical,diaries_&_daily_life,0.07647,0.002504,,
primary_topic,bluesky,categorical,family,0.002534,0.000143,,
primary_topic,bluesky,categorical,fashion_&_style,0.005857,0.000252,,
primary_topic,bluesky,categorical,film_tv_&_video,0.01667,0.00092,,
primary_topic,bluesky,categorical,fitness_&_health,0.004599,0.000467,,
primary_topic,bluesky,categorical,food_&_dining,0.012854,0.001263,,
primary_topic,bluesky,categorical,gaming,0.006073,0.000222,,
primary_topic,bluesky,categorical,learning_&_educational,0.007299,0.000506,,
primary_topic,bluesky,categorical,music,0.006707,0.000248,,
primary_topic,bluesky,categorical,news_&_social_concern,0.76286,0.006929,,
primary_topic,bluesky,categorical,other_hobbies,0.003964,5e-05,,
primary_topic,bluesky,categorical,relationships,0.000111,0.0,,
primary_topic,bluesky,categorical,science_&_technology,0.01466,0.001253,,
primary_topic,bluesky,categorical,sports,0.023569,0.000694,,
primary_topic,bluesky,categorical,travel_&_adventure,0.004106,0.000309,,
primary_topic,reddit,categorical,arts_&_culture,0.001184,5.5e-05,,
primary_topic,reddit,categorical,business_&_entrepreneurs,0.010589,0.000704,,
primary_topic,reddit,categorical,celebrity_&_pop_culture,0.016269,0.000469,,
primary_topic,reddit,categorical,diaries_&_daily_life,0.085131,0.002123,,
primary_topic,reddit,categorical,family,0.002047,8.7e-05,,
primary_topic,reddit,categorical,fashion_&_style,0.001412,6.4e-05,,
primary_topic,reddit,categorical,film_tv_&_video,0.014628,0.000447,,
primary_topic,reddit,categorical,fitness_&_health,0.004422,0.000167,,
primary_topic,reddit,categorical,food_&_dining,0.003306,0.000363,,
primary_topic,reddit,categorical,gaming,0.00124,0.000116,,
primary_topic,reddit,categorical,learning_&_educational,0.00362,0.000355,,
primary_topic,reddit,categorical,music,0.001986,0.000166,,
primary_topic,reddit,categorical,news_&_social_concern,0.815449,0.004581,,
primary_topic,reddit,categorical,other_hobbies,0.002226,0.000181,,
primary_topic,reddit,categorical,relationships,0.000216,2.6e-05,,
primary_topic,reddit,categorical,science_&_technology,0.006389,0.000461,,
primary_topic,reddit,categorical,sports,0.029886,0.000631,,
primary_topic,twitter,categorical,arts_&_culture,0.002466,0.000413,,
primary_topic,twitter,categorical,business_&_entrepreneurs,0.027311,0.00249,,
primary_topic,twitter,categorical,celebrity_&_pop_culture,0.028945,0.001282,,
primary_topic,twitter,categorical,diaries_&_daily_life,0.291218,0.00987,,
primary_topic,twitter,categorical,family,0.006533,0.000518,,
primary_topic,twitter,categorical,fashion_&_style,0.00511,0.000389,,
primary_topic,twitter,categorical,film_tv_&_video,0.023373,0.001873,,
primary_topic,twitter,categorical,fitness_&_health,0.004185,0.000644,,
primary_topic,twitter,categorical,food_&_dining,0.014941,0.002063,,
primary_topic,twitter,categorical,gaming,0.006429,0.00042,,
primary_topic,twitter,categorical,learning_&_educational,0.000937,0.000271,,
primary_topic,twitter,categorical,music,0.01899,0.000845,,
primary_topic,twitter,categorical,news_&_social_concern,0.4122,0.021361,,
primary_topic,twitter,categorical,other,0.000111,0.0,,
primary_topic,twitter,categorical,other_hobbies,0.004093,0.000462,,
primary_topic,twitter,categorical,relationships,0.001381,9.4e-05,,
primary_topic,twitter,categorical,science_&_technology,0.00943,0.001002,,
primary_topic,twitter,categorical,sports,0.140888,0.005532,,
primary_topic,twitter,categorical,travel_&_adventure,0.001128,0.000148,,
primary_topic,twitter,categorical,youth_&_student_life,0.000333,1e-06,,
avg_word_length,bluesky,continuous,,,,4.430773,0.012959
avg_word_length,reddit,continuous,,,,4.425942,0.007431
avg_word_length,twitter,continuous,,,,4.177436,0.014499
has_emoji,bluesky,continuous,,,,0.070713,0.002364
has_emoji,reddit,continuous,,,,0.009633,0.000486
has_emoji,twitter,continuous,,,,0.136788,0.006034
has_hashtag,bluesky,continuous,,,,0.066527,0.002219
has_hashtag,reddit,continuous,,,,0.009164,0.000493
has_hashtag,twitter,continuous,,,,0.025666,0.001074
has_mention,bluesky,continuous,,,,0.023766,0.000912
has_mention,reddit,continuous,,,,0.00161,0.00028
has_mention,twitter,continuous,,,,0.000216,2.6e-05
has_url,bluesky,continuous,,,,0.000308,6.1e-05
has_url,reddit,continuous,,,,0.031409,0.004857
has_url,twitter,continuous,,,,0.134241,0.004124
polarization_score,bluesky,continuous,,,,0.787898,0.005203
polarization_score,reddit,continuous,,,,0.813628,0.003996
polarization_score,twitter,continuous,,,,0.419817,0.019376
sentiment_polarity,bluesky,continuous,,,,0.104006,0.005063
sentiment_polarity,reddit,continuous,,,,-0.057742,0.005303
sentiment_polarity,twitter,continuous,,,,0.092709,0.012003
sentiment_subjectivity,bluesky,continuous,,,,0.182081,0.001847
sentiment_subjectivity,reddit,continuous,,,,0.226475,0.002342
sentiment_subjectivity,twitter,continuous,,,,0.272158,0.002954
toxicity,bluesky,continuous,,,,0.078395,0.00453
toxicity,reddit,continuous,,,,0.193322,0.00885
toxicity,twitter,continuous,,,,0.116902,0.008229
